{
    "name": "root",
    "gauges": {
        "SquidGame.Policy.Entropy.mean": {
            "value": 1.4213312864303589,
            "min": 1.4162845611572266,
            "max": 1.421919584274292,
            "count": 50
        },
        "SquidGame.Policy.Entropy.sum": {
            "value": 14213.3125,
            "min": 14162.845703125,
            "max": 14220.53125,
            "count": 50
        },
        "SquidGame.Environment.EpisodeLength.mean": {
            "value": 0.06179655977914632,
            "min": 0.05965878986966197,
            "max": 0.0651896037494674,
            "count": 50
        },
        "SquidGame.Environment.EpisodeLength.sum": {
            "value": 582.0,
            "min": 563.0,
            "max": 612.0,
            "count": 50
        },
        "SquidGame.Step.mean": {
            "value": 499999.0,
            "min": 9999.0,
            "max": 499999.0,
            "count": 50
        },
        "SquidGame.Step.sum": {
            "value": 499999.0,
            "min": 9999.0,
            "max": 499999.0,
            "count": 50
        },
        "SquidGame.Policy.ExtrinsicValueEstimate.mean": {
            "value": -0.9996857047080994,
            "min": -1.000154972076416,
            "max": 4.994976997375488,
            "count": 50
        },
        "SquidGame.Policy.ExtrinsicValueEstimate.sum": {
            "value": -9415.0400390625,
            "min": -9433.4697265625,
            "max": 47038.80078125,
            "count": 50
        },
        "SquidGame.Environment.CumulativeReward.mean": {
            "value": -1.0,
            "min": -1.0,
            "max": -1.0,
            "count": 50
        },
        "SquidGame.Environment.CumulativeReward.sum": {
            "value": -9418.0,
            "min": -9437.0,
            "max": -9388.0,
            "count": 50
        },
        "SquidGame.Policy.ExtrinsicReward.mean": {
            "value": -1.0,
            "min": -1.0,
            "max": -1.0,
            "count": 50
        },
        "SquidGame.Policy.ExtrinsicReward.sum": {
            "value": -9418.0,
            "min": -9437.0,
            "max": -9388.0,
            "count": 50
        },
        "SquidGame.IsTraining.mean": {
            "value": 1.0,
            "min": 1.0,
            "max": 1.0,
            "count": 50
        },
        "SquidGame.IsTraining.sum": {
            "value": 1.0,
            "min": 1.0,
            "max": 1.0,
            "count": 50
        },
        "SquidGame.Losses.PolicyLoss.mean": {
            "value": 0.05043181927946231,
            "min": 0.04576509041756557,
            "max": 0.052622639452844545,
            "count": 15
        },
        "SquidGame.Losses.PolicyLoss.sum": {
            "value": 0.05043181927946231,
            "min": 0.04576509041756557,
            "max": 0.052622639452844545,
            "count": 15
        },
        "SquidGame.Losses.ValueLoss.mean": {
            "value": 7.3260058555864776e-06,
            "min": 7.3260058555864776e-06,
            "max": 0.3803986844747366,
            "count": 15
        },
        "SquidGame.Losses.ValueLoss.sum": {
            "value": 7.3260058555864776e-06,
            "min": 7.3260058555864776e-06,
            "max": 0.3803986844747366,
            "count": 15
        },
        "SquidGame.Policy.LearningRate.mean": {
            "value": 1.6930983070000005e-06,
            "min": 1.6930983070000005e-06,
            "max": 9.34462065538e-05,
            "count": 15
        },
        "SquidGame.Policy.LearningRate.sum": {
            "value": 1.6930983070000005e-06,
            "min": 1.6930983070000005e-06,
            "max": 9.34462065538e-05,
            "count": 15
        },
        "SquidGame.Policy.Epsilon.mean": {
            "value": 0.10169300000000002,
            "min": 0.10169300000000002,
            "max": 0.19344619999999998,
            "count": 15
        },
        "SquidGame.Policy.Epsilon.sum": {
            "value": 0.10169300000000002,
            "min": 0.10169300000000002,
            "max": 0.19344619999999998,
            "count": 15
        },
        "SquidGame.Policy.Beta.mean": {
            "value": 9.448070000000001e-05,
            "min": 9.448070000000001e-05,
            "max": 0.00467296538,
            "count": 15
        },
        "SquidGame.Policy.Beta.sum": {
            "value": 9.448070000000001e-05,
            "min": 9.448070000000001e-05,
            "max": 0.00467296538,
            "count": 15
        }
    },
    "metadata": {
        "timer_format_version": "0.1.0",
        "start_time_seconds": "1669386934",
        "python_version": "3.7.0 | packaged by conda-forge | (default, Nov 12 2018, 12:34:36) \n[Clang 4.0.1 (tags/RELEASE_401/final)]",
        "command_line_arguments": "/opt/homebrew/Caskroom/miniconda/base/envs/ml-agents/bin/mlagents-learn config/squid_game_rl_config.yaml --run-id=SquidGame --force",
        "mlagents_version": "0.28.0",
        "mlagents_envs_version": "0.28.0",
        "communication_protocol_version": "1.5.0",
        "pytorch_version": "1.7.1",
        "numpy_version": "1.21.6",
        "end_time_seconds": "1669389389"
    },
    "total": 2454.927903875,
    "count": 1,
    "self": 0.010110083000199666,
    "children": {
        "run_training.setup": {
            "total": 0.018911249999999935,
            "count": 1,
            "self": 0.018911249999999935
        },
        "TrainerController.start_learning": {
            "total": 2454.8988825419997,
            "count": 1,
            "self": 10.71578364899733,
            "children": {
                "TrainerController._reset_env": {
                    "total": 2.4558708749999996,
                    "count": 1,
                    "self": 2.4558708749999996
                },
                "TrainerController.advance": {
                    "total": 2441.6957119350022,
                    "count": 966717,
                    "self": 5.229253293130569,
                    "children": {
                        "env_step": {
                            "total": 2436.4664586418717,
                            "count": 966717,
                            "self": 2122.710265955745,
                            "children": {
                                "SubprocessEnvManager._take_step": {
                                    "total": 307.29122023791194,
                                    "count": 966717,
                                    "self": 15.573652976878066,
                                    "children": {
                                        "TorchPolicy.evaluate": {
                                            "total": 291.7175672610339,
                                            "count": 500006,
                                            "self": 48.40709747501484,
                                            "children": {
                                                "TorchPolicy.sample_actions": {
                                                    "total": 243.31046978601904,
                                                    "count": 500006,
                                                    "self": 243.31046978601904
                                                }
                                            }
                                        }
                                    }
                                },
                                "workers": {
                                    "total": 6.464972448214995,
                                    "count": 966717,
                                    "self": 0.0,
                                    "children": {
                                        "worker_root": {
                                            "total": 2440.9425014320655,
                                            "count": 966717,
                                            "is_parallel": true,
                                            "self": 860.1984661749086,